{
  "dataset": "/home/devops/rugs_data/exports/scalping_explorer/scalping_unique_games_min60.jsonl",
  "games": 1772,
  "horizon_returns": {
    "1": {
      "count": 452504,
      "mean": 0.05685111353139076,
      "median": 0.49393098950405445,
      "p10": -1.9596790280192566,
      "p90": 2.921058054750003
    },
    "2": {
      "count": 450732,
      "mean": 0.5018256915112385,
      "median": 0.9560284281002196,
      "p10": -16.053182912234508,
      "p90": 16.292411453951306
    },
    "3": {
      "count": 448960,
      "mean": 0.949285841501779,
      "median": 1.3994114905549138,
      "p10": -18.284586254507097,
      "p90": 19.78827660225535
    },
    "4": {
      "count": 447188,
      "mean": 1.3988952251953253,
      "median": 1.8034534757652376,
      "p10": -19.36161916701532,
      "p90": 21.889150103201338
    },
    "5": {
      "count": 445416,
      "mean": 1.8501835965124624,
      "median": 2.1901726010465583,
      "p10": -20.088772666431844,
      "p90": 23.72466502323707
    },
    "7": {
      "count": 441872,
      "mean": 2.7608636876014114,
      "median": 2.815675426622344,
      "p10": -21.346458951808287,
      "p90": 27.190224171889767
    },
    "10": {
      "count": 436556,
      "mean": 4.1501588082315415,
      "median": 3.5013890133462344,
      "p10": -24.291899423912746,
      "p90": 33.35383262095062
    }
  },
  "mae5": {
    "p10": -21.792987732470937,
    "p25": -9.774772219865524,
    "p50": -1.0695556517203442
  },
  "mfe5": {
    "p50": 3.741107780107389,
    "p75": 10.74666193923699,
    "p90": 24.813563110510508
  },
  "touch_prob_5tick": {
    "tp": {
      "2": 67.06068035274889,
      "4": 47.899940729565174,
      "6": 34.975842807622534,
      "8": 28.162885931354058,
      "10": 25.433078290856187,
      "12": 24.60508827702642,
      "15": 23.895639132855578
    },
    "sl": {
      "2": 38.55384629200568,
      "4": 28.430051906532324,
      "6": 25.982003340697236,
      "8": 25.32306877166514,
      "10": 24.960935395226038,
      "12": 24.538633547066112,
      "15": 22.813055660326526
    }
  },
  "first_touch_5tick": {
    "sl4_tp6": {
      "tp_first_pct": 34.42287659177039,
      "sl_first_pct": 26.173958726224473,
      "neither_pct": 39.40316468200514,
      "n": 445416
    },
    "sl6_tp8": {
      "tp_first_pct": 27.902904251306644,
      "sl_first_pct": 24.682094940460154,
      "neither_pct": 47.4150008082332,
      "n": 445416
    },
    "sl8_tp10": {
      "tp_first_pct": 25.24291897911166,
      "sl_first_pct": 24.509896366542737,
      "neither_pct": 50.2471846543456,
      "n": 445416
    },
    "sl10_tp12": {
      "tp_first_pct": 24.444788691919463,
      "sl_first_pct": 24.430195592434938,
      "neither_pct": 51.125015715645596,
      "n": 445416
    },
    "sl12_tp15": {
      "tp_first_pct": 23.77552669863678,
      "sl_first_pct": 24.195583454568315,
      "neither_pct": 52.028889846794904,
      "n": 445416
    }
  }
}
